{"sane": true, "normalizes": true, "range": true, "log_prob": -1146.5178296864033, "avg_log_prob": -2.2930356593728067, "perplexity": 9.904960174276873}