{"sane": true, "normalizes": true, "range": true, "log_prob": -1101.3797607421875, "avg_log_prob": -2.202759521484375, "perplexity": 9.049952612265557}