{"sane": true, "normalizes": true, "range": true, "log_prob": -1775.045884847641, "avg_log_prob": -3.550091769695282, "perplexity": 34.81651244173735}