{"sane": true, "normalizes": true, "range": true, "log_prob": -1170.2747378349304, "avg_log_prob": -2.340549475669861, "perplexity": 10.386942367102918}