{"sane": true, "normalizes": true, "range": true, "log_prob": -1287.623971939087, "avg_log_prob": -2.575247943878174, "perplexity": 13.134573391856705}