{"sane": true, "normalizes": true, "range": true, "log_prob": -1807.5802156925201, "avg_log_prob": -3.61516043138504, "perplexity": 37.15730664565998}