{"sane": true, "normalizes": true, "range": true, "log_prob": -1024.1302681155503, "avg_log_prob": -2.0482605362311004, "perplexity": 7.754400868763006}